[{"Start":8003072,"End":8718037,"Length":714965,"FileName":"data0"},{"Start":8718080,"End":9050569,"Length":332489,"FileName":"data1"},{"Start":9050624,"End":9078005,"Length":27381,"FileName":"data2"},{"Start":9078016,"End":9104198,"Length":26182,"FileName":"data3"},{"Start":9104256,"End":9384986,"Length":280730,"FileName":"data4"},{"Start":9385088,"End":9437898,"Length":52810,"FileName":"data5"},{"Start":9437952,"End":9595099,"Length":157147,"FileName":"data6"},{"Start":9595136,"End":9601629,"Length":6493,"FileName":"data7"},{"Start":9601664,"End":9710059,"Length":108395,"FileName":"data8"},{"Start":9710080,"End":10520291,"Length":810211,"FileName":"data9"},{"Start":10520320,"End":10881752,"Length":361432,"FileName":"data10"},{"Start":10881792,"End":11221093,"Length":339301,"FileName":"data11"},{"Start":11221120,"End":11564199,"Length":343079,"FileName":"data12"},{"Start":11564288,"End":11571184,"Length":6896,"FileName":"data13"},{"Start":11571200,"End":11710567,"Length":139367,"FileName":"data14"},{"Start":11710592,"End":11731298,"Length":20706,"FileName":"data15"},{"Start":11731328,"End":11762173,"Length":30845,"FileName":"data16"},{"Start":11762176,"End":12071998,"Length":309822,"FileName":"data17"},{"Start":12072064,"End":12091072,"Length":19008,"FileName":"data18"},{"Start":12091136,"End":12308968,"Length":217832,"FileName":"data19"},{"Start":12308992,"End":12654450,"Length":345458,"FileName":"data20"},{"Start":12654464,"End":13186320,"Length":531856,"FileName":"data21"},{"Start":13186432,"End":13491428,"Length":304996,"FileName":"data22"},{"Start":13491456,"End":14077358,"Length":585902,"FileName":"data23"},{"Start":14077440,"End":14662475,"Length":585035,"FileName":"data24"},{"Start":14662528,"End":14921625,"Length":259097,"FileName":"data25"},{"Start":14921728,"End":15524217,"Length":602489,"FileName":"data26"},{"Start":15524224,"End":16218873,"Length":694649,"FileName":"data27"},{"Start":16218880,"End":16475468,"Length":256588,"FileName":"data28"},{"Start":16475520,"End":17030698,"Length":555178,"FileName":"data29"},{"Start":17030784,"End":17745794,"Length":715010,"FileName":"data30"},{"Start":17745920,"End":18554612,"Length":808692,"FileName":"data31"},{"Start":18554624,"End":19092963,"Length":538339,"FileName":"data32"},{"Start":19092992,"End":19926158,"Length":833166,"FileName":"data33"},{"Start":19926272,"End":20435504,"Length":509232,"FileName":"data34"},{"Start":20435584,"End":20968288,"Length":532704,"FileName":"data35"},{"Start":20968320,"End":21579643,"Length":611323,"FileName":"data36"},{"Start":21579648,"End":21677698,"Length":98050,"FileName":"data37"},{"Start":21677824,"End":22620174,"Length":942350,"FileName":"data38"},{"Start":22620288,"End":22745905,"Length":125617,"FileName":"data39"}]