[{"Start":8033152,"End":8748120,"Length":714968,"FileName":"data0"},{"Start":8748160,"End":9080652,"Length":332492,"FileName":"data1"},{"Start":9080704,"End":9122973,"Length":42269,"FileName":"data2"},{"Start":9123072,"End":9149257,"Length":26185,"FileName":"data3"},{"Start":9149312,"End":9430045,"Length":280733,"FileName":"data4"},{"Start":9430144,"End":9482957,"Length":52813,"FileName":"data5"},{"Start":9483008,"End":9640158,"Length":157150,"FileName":"data6"},{"Start":9640192,"End":9646688,"Length":6496,"FileName":"data7"},{"Start":9646720,"End":9755118,"Length":108398,"FileName":"data8"},{"Start":9755136,"End":10565350,"Length":810214,"FileName":"data9"},{"Start":10565376,"End":10934614,"Length":369238,"FileName":"data10"},{"Start":10934656,"End":11274230,"Length":339574,"FileName":"data11"},{"Start":11274240,"End":11617322,"Length":343082,"FileName":"data12"},{"Start":11617408,"End":11624307,"Length":6899,"FileName":"data13"},{"Start":11624320,"End":11763690,"Length":139370,"FileName":"data14"},{"Start":11763712,"End":11784421,"Length":20709,"FileName":"data15"},{"Start":11784448,"End":11815296,"Length":30848,"FileName":"data16"},{"Start":11815296,"End":12125121,"Length":309825,"FileName":"data17"},{"Start":12125184,"End":12144195,"Length":19011,"FileName":"data18"},{"Start":12144256,"End":12362091,"Length":217835,"FileName":"data19"},{"Start":12362112,"End":12707573,"Length":345461,"FileName":"data20"},{"Start":12707584,"End":13239443,"Length":531859,"FileName":"data21"},{"Start":13239552,"End":13544551,"Length":304999,"FileName":"data22"},{"Start":13544576,"End":14130481,"Length":585905,"FileName":"data23"},{"Start":14130560,"End":14715598,"Length":585038,"FileName":"data24"},{"Start":14715648,"End":15577340,"Length":861692,"FileName":"data25"},{"Start":15577344,"End":16271996,"Length":694652,"FileName":"data26"},{"Start":16272000,"End":16528591,"Length":256591,"FileName":"data27"},{"Start":16528640,"End":17083821,"Length":555181,"FileName":"data28"},{"Start":17083904,"End":17798917,"Length":715013,"FileName":"data29"},{"Start":17799040,"End":18607735,"Length":808695,"FileName":"data30"},{"Start":18607744,"End":19146086,"Length":538342,"FileName":"data31"},{"Start":19146112,"End":19979281,"Length":833169,"FileName":"data32"},{"Start":19979392,"End":20488627,"Length":509235,"FileName":"data33"},{"Start":20488704,"End":21021411,"Length":532707,"FileName":"data34"},{"Start":21021440,"End":21632766,"Length":611326,"FileName":"data35"},{"Start":21632768,"End":21730821,"Length":98053,"FileName":"data36"},{"Start":21730944,"End":22673297,"Length":942353,"FileName":"data37"},{"Start":22673408,"End":22799347,"Length":125939,"FileName":"data38"}]