{
	"zero": 0,
	"lineCount": 1000,
	"dateFormat": "HH:mm dd/MM/yyyy",
	"hpUpgradeS1": 20,
	"hpUpgradeS2": 21,
	"hpUpgradeS3": 22,
	"hpUpgradeS4": 23,
	"hpUpgradeS5": 24,
	"mpUpgradeS1" : 40,
	"mpUpgradeS2" : 41,
	"mpUpgradeS3" : 42,
	"mpUpgradeS4" : 43,
	"mpUpgradeS5" : 44,
	"knifeUpgradeS1" : 60,
	"knifeUpgradeS2" : 61,
	"knifeUpgradeS3" : 62,
	"knifeUpgradeS4" : 63,
	"knifeUpgradeS5" : 64,
	"clockUpgradeS1" : 70,
	"clockUpgradeS2" : 71,
	"clockUpgradeS3" : 72,
	"clockUpgradeS4" : 73,
	"clockUpgradeS5" : 74,
	"upgradesSlide" : 80,
	"upgradesDouble" : 81,
	"upgradesGrip" : 82,
	"upgradesScrew" : 83,
	"keyRed" : 90,
	"keyYellow" : 91,
	"keyGreen" : 92,
	"keyBlue" : 93,
	"keyPurple" : 94,
	"posX" : 100,
	"posY": 101,
	"stage": 102,
	"hpUpgrades": 104,
	"mpUpgrades": 105,
	"exp": 106,
	"saveDate": 107,
	"knifeUpgrades": 108,
	"clockUpgrades": 109,
	"amethyst": 110,
	"turquoise": 111,
	"topaz": 112,
	"ruby": 113,
	"sapphire": 114,
	"emerald": 115,
	"diamond": 116,
	"upgradeLevel": 117,
	"gold": 118,
	"trashCans": 120,
	"clockUpgradesBought": 134,
	"knifeUpgradesBought": 135,
	"statueAmethyst": 250,
	"statueTurquoise": 251,
	"statueTopaz": 252,
	"statueRuby": 253,
	"statueSapphire": 254,
	"statueEmerald": 255,
	"statueDiamond": 256
}
